,Word1,Word2,Cosine,Pearson CC,Spearman's rank CC
0,biến,ngập,-0.042331542317191696,"PearsonRResult(statistic=-0.00610701183181602, pvalue=0.9408748731248203)","SignificanceResult(statistic=-0.020824036623849948, pvalue=0.8003182785188336)"
1,nhà_thi_đấu,nhà,0.5867432998549763,"PearsonRResult(statistic=0.08199807821099807, pvalue=0.3184990199872585)","SignificanceResult(statistic=0.10522956575847815, pvalue=0.19999225077185984)"
2,động,tĩnh,1.6436950169421212,"PearsonRResult(statistic=0.2774025533713006, pvalue=0.0005887280657697797)","SignificanceResult(statistic=0.2697417663007245, pvalue=0.0008435070959755315)"
3,khuyết,ưu,1.3433717293236016,"PearsonRResult(statistic=0.1581444070477984, pvalue=0.05325543901012965)","SignificanceResult(statistic=0.15135428241255167, pvalue=0.06447762772747422)"
4,thủ_pháp,biện_pháp,3.278884705588982,"PearsonRResult(statistic=0.39534295479808274, pvalue=5.530050195572766e-07)","SignificanceResult(statistic=0.3935126005600249, pvalue=6.303022496682744e-07)"
5,kết_duyên,thành_hôn,3.110024235199738,"PearsonRResult(statistic=0.46230306864538584, pvalue=2.5919180648478946e-09)","SignificanceResult(statistic=0.44399306635850483, pvalue=1.2628786824643744e-08)"
6,cấp_tiến,bảo_thủ,2.2139779022443857,"PearsonRResult(statistic=0.25698949052193554, pvalue=0.0015002839503072552)","SignificanceResult(statistic=0.2682803680163563, pvalue=0.0009023415315578579)"
7,nước_lớn,nguy_hiểm,1.3925216687715214,"PearsonRResult(statistic=0.18792512169962006, pvalue=0.021284099638925014)","SignificanceResult(statistic=0.21139961776078936, pvalue=0.009407910290704436)"
8,hoa,nhị,1.3129670394538864,"PearsonRResult(statistic=0.21780658136213513, pvalue=0.007417758272303565)","SignificanceResult(statistic=0.23810658251477845, pvalue=0.003344913380353131)"
9,bất_lợi,thuận_lợi,4.071884339941121,"PearsonRResult(statistic=0.5363032757740254, pvalue=1.5148775467297928e-12)","SignificanceResult(statistic=0.427277656784746, pvalue=4.9514453307417543e-08)"
10,phân_ly,sum_họp,0.4244621690351739,"PearsonRResult(statistic=0.08031516310819187, pvalue=0.32856594124593663)","SignificanceResult(statistic=0.08581892528556825, pvalue=0.2963937665938567)"
11,diễu_hành,tuần_hành,6.008943298198726,"PearsonRResult(statistic=0.6436002379443908, pvalue=6.542479657987649e-19)","SignificanceResult(statistic=0.5815031779190186, pvalue=6.059451268470931e-15)"
12,cao_trào,thoái_trào,2.952515752313862,"PearsonRResult(statistic=0.36123776646621275, pvalue=5.5842963710689744e-06)","SignificanceResult(statistic=0.3499551091159607, pvalue=1.1344017533083546e-05)"
13,thịnh,suy,0.3810963710857634,"PearsonRResult(statistic=0.06238945689503152, pvalue=0.44817635679757756)","SignificanceResult(statistic=0.07909862660562693, pvalue=0.335968831178032)"
14,con_voi,ngà,1.7059010443297205,"PearsonRResult(statistic=0.2353893303311313, pvalue=0.0037356761765881103)","SignificanceResult(statistic=0.22738255033557048, pvalue=0.005137056763777482)"
15,cá_chuối,cá_quả,0.8170745052251205,"PearsonRResult(statistic=0.16952302770005842, pvalue=0.03808942008934645)","SignificanceResult(statistic=0.15367616338503934, pvalue=0.06044072047389104)"
16,đổ_bê_tông,biếu_xén,-1.00003308055483,"PearsonRResult(statistic=-0.17281864129281127, pvalue=0.034445259638936035)","SignificanceResult(statistic=-0.137046090937375, pvalue=0.09446046431182761)"
17,con_đẻ,con_ruột,5.263807927524623,"PearsonRResult(statistic=0.6463663365653425, pvalue=4.1454934845254235e-19)","SignificanceResult(statistic=0.6460642695230899, pvalue=4.358286553103611e-19)"
18,uỷ_nhiệm,phân_công,2.2830473306299095,"PearsonRResult(statistic=0.27685923820031544, pvalue=0.0006041429001211053)","SignificanceResult(statistic=0.28711498288812837, pvalue=0.0003676000891588149)"
19,bay_lượn,chuyển_động,2.7095304178267896,"PearsonRResult(statistic=0.3887666887437621, pvalue=8.816454445903696e-07)","SignificanceResult(statistic=0.3408062580559136, pvalue=1.976220070210991e-05)"
20,khêu_gợi,khơi_gợi,1.8521867110125274,"PearsonRResult(statistic=0.25511696502847886, pvalue=0.001628812191368291)","SignificanceResult(statistic=0.21535712698342147, pvalue=0.008129561681149804)"
21,thăng_bằng,cân_bằng,3.9598064239155697,"PearsonRResult(statistic=0.4795926442630075, pvalue=5.320187759607687e-10)","SignificanceResult(statistic=0.5003297924352194, pvalue=7.062078803928257e-11)"
22,chọn_lựa,tuyển_chọn,3.3543331806539047,"PearsonRResult(statistic=0.4707206261307985, pvalue=1.2122479613471675e-09)","SignificanceResult(statistic=0.4466562958353705, pvalue=1.0088599089782546e-08)"
23,có_ích,hữu_ích,5.141659527208436,"PearsonRResult(statistic=0.6628751716145144, pvalue=2.4612344200983248e-20)","SignificanceResult(statistic=0.665503355704698, pvalue=1.5442380411759175e-20)"
24,cứng_rắn,nhỏ_nhắn,1.5540516787797454,"PearsonRResult(statistic=0.2255342769145438, pvalue=0.0055208807452649935)","SignificanceResult(statistic=0.17314725098893285, pvalue=0.03409862766583469)"
25,lỗ_đen,hố_đen,5.527812833137274,"PearsonRResult(statistic=0.7343495629364114, pvalue=1.1036299277239602e-26)","SignificanceResult(statistic=0.735028223476599, pvalue=9.392848021936815e-27)"
26,vùi,đóng,-0.10352615602320282,"PearsonRResult(statistic=-0.015242486370044987, pvalue=0.8531265655331361)","SignificanceResult(statistic=0.01690208453709054, pvalue=0.8373452717493959)"
27,tính_tình,tính_khí,5.611356315837649,"PearsonRResult(statistic=0.6889550898165033, pvalue=1.938140781759349e-22)","SignificanceResult(statistic=0.6581892528556825, pvalue=5.585741149273533e-20)"
28,mục_sư,giáo_sĩ,4.193377603988057,"PearsonRResult(statistic=0.5962417684286276, pvalue=8.276305177062484e-16)","SignificanceResult(statistic=0.5581243610827149, pvalue=1.1692934086270544e-13)"
29,cộng_đồng,dân_tộc,2.2588413200826643,"PearsonRResult(statistic=0.3769364610389419, pvalue=1.9898176416645117e-06)","SignificanceResult(statistic=0.3965669585314903, pvalue=5.064555932543999e-07)"
30,rớ,sờ,2.3400490214984573,"PearsonRResult(statistic=0.394447910558326, pvalue=5.895988692303805e-07)","SignificanceResult(statistic=0.39092404106849193, pvalue=7.573986886086226e-07)"
31,trả_đũa,đền_đáp,2.217901258730593,"PearsonRResult(statistic=0.23553582822276045, pvalue=0.003713604355867389)","SignificanceResult(statistic=0.24701364505089116, pvalue=0.0023087255704541476)"
32,tay_cầm,phân_đạm,-0.2279346650383137,"PearsonRResult(statistic=-0.029801521856465896, pvalue=0.7173373004170985)","SignificanceResult(statistic=-0.028543490821814302, pvalue=0.7287932930477593)"
33,liên_hệ,nguỵ_trang,0.7388541636979079,"PearsonRResult(statistic=0.09150775822943295, pvalue=0.2654081099333782)","SignificanceResult(statistic=0.10170585359349305, pvalue=0.2155562971204326)"
34,mới_tinh,mới_toanh,3.0642449225163073,"PearsonRResult(statistic=0.48162360082113176, pvalue=4.391409538632639e-10)","SignificanceResult(statistic=0.47084581536957204, pvalue=1.198437369079929e-09)"
35,cột_trụ,bệ,3.236992729067405,"PearsonRResult(statistic=0.4422103747327875, pvalue=1.4661548503646415e-08)","SignificanceResult(statistic=0.374404195742033, pvalue=2.358848458621347e-06)"
36,họp_mặt,tiệc,3.559476798263943,"PearsonRResult(statistic=0.43121385329335926, pvalue=3.613042030090664e-08)","SignificanceResult(statistic=0.3615965154006845, pvalue=5.4574276939230135e-06)"
37,lộn_xộn,gọn_gàng,2.4465314878137305,"PearsonRResult(statistic=0.34442906547866625, pvalue=1.589556133961916e-05)","SignificanceResult(statistic=0.3341926307835904, pvalue=2.9204697797561575e-05)"
38,chủ_động,thụ_động,2.9349831111206863,"PearsonRResult(statistic=0.48067593183462454, pvalue=4.803428466537393e-10)","SignificanceResult(statistic=0.4770540912929464, pvalue=6.750116373123933e-10)"
39,vali,tay_cầm,1.2968367248591017,"PearsonRResult(statistic=0.16587118351660887, pvalue=0.042501179021042945)","SignificanceResult(statistic=0.1912102760122672, pvalue=0.019082424035695444)"
40,ghen_tị,ghen_ghét,2.6068265713455814,"PearsonRResult(statistic=0.3518437697724549, pvalue=1.009389320544858e-05)","SignificanceResult(statistic=0.3204106849193297, pvalue=6.407132881702771e-05)"
41,ngôn_ngữ_học,khoa_học,3.198938303743605,"PearsonRResult(statistic=0.5358115445068992, pvalue=1.6015237795901288e-12)","SignificanceResult(statistic=0.48395573136583847, pvalue=3.517626900472423e-10)"
42,thu_gom,tiếp_sức,1.3399703345693874,"PearsonRResult(statistic=0.17220195693620566, pvalue=0.03510381154663049)","SignificanceResult(statistic=0.20693719720876483, pvalue=0.01105942987013567)"
43,quy_trình,sáng_tác,-0.6727476129483644,"PearsonRResult(statistic=-0.09597905278863324, pvalue=0.24265980017916539)","SignificanceResult(statistic=-0.09266722965465131, pvalue=0.25937414551268245)"
44,thành_thị,thị_thành,2.700890727936604,"PearsonRResult(statistic=0.41471758508150275, pvalue=1.3181113656052038e-07)","SignificanceResult(statistic=0.4203333481488067, pvalue=8.550076378538219e-08)"
45,nhảy_nhót,nhích,1.4626789223956658,"PearsonRResult(statistic=0.1894756149690313, pvalue=0.020219088897851664)","SignificanceResult(statistic=0.18043646384283746, pvalue=0.02713515808501875)"
46,ly_tâm,hướng_tâm,0.6723141449888732,"PearsonRResult(statistic=0.10554868885419887, pvalue=0.19862389494091667)","SignificanceResult(statistic=0.12233965954042403, pvalue=0.13585059893952534)"
47,cống,đường_ống,5.417135008230241,"PearsonRResult(statistic=0.6645572417504816, pvalue=1.8273643688288376e-20)","SignificanceResult(statistic=0.6700013333925953, pvalue=6.877975742261973e-21)"
48,còm,nhỏ_nhoi,1.0245511336085387,"PearsonRResult(statistic=0.1617500595952846, pvalue=0.04798569420881229)","SignificanceResult(statistic=0.1522681008044802, pvalue=0.06286329760813272)"
49,bánh_răng,răng,1.8467744573081912,"PearsonRResult(statistic=0.25819332142279555, pvalue=0.0014226115141372268)","SignificanceResult(statistic=0.27684963776167837, pvalue=0.0006044185944511614)"
50,nao_núng,kiên_định,1.9159078107807472,"PearsonRResult(statistic=0.2366086228094263, pvalue=0.0035555171033943528)","SignificanceResult(statistic=0.21033645939819548, pvalue=0.009780253902147113)"
51,bằng_hữu,bầu_bạn,1.7369669291064287,"PearsonRResult(statistic=0.32368821955289573, pvalue=5.333346917901993e-05)","SignificanceResult(statistic=0.33602026756744746, pvalue=2.624011638684358e-05)"
52,thân,lưng,1.9224139559819917,"PearsonRResult(statistic=0.314754791024665, pvalue=8.749733147287572e-05)","SignificanceResult(statistic=0.3099675541135162, pvalue=0.00011335586215770181)"
53,bút_chì,lô,1.046207733071009,"PearsonRResult(statistic=0.13725467170204422, pvalue=0.09395512659026005)","SignificanceResult(statistic=0.11981154717987468, pvalue=0.14418668155646727)"
54,cổng,ổ_khoá,2.622828668874303,"PearsonRResult(statistic=0.3539175679593644, pvalue=8.871646882156023e-06)","SignificanceResult(statistic=0.3598079914662874, pvalue=6.11822739986566e-06)"
55,dị_bản,đĩa_bay,1.1014104666915419,"PearsonRResult(statistic=0.15885155478175597, pvalue=0.052185809127902265)","SignificanceResult(statistic=0.11890839592870796, pvalue=0.14725696419906806)"
56,truy_cập,thâm_nhập,3.915716156942423,"PearsonRResult(statistic=0.49927893050818073, pvalue=7.848771251960431e-11)","SignificanceResult(statistic=0.5053824614427308, pvalue=4.228595891931521e-11)"
57,âm,nguy_hiểm,0.5694996552665845,"PearsonRResult(statistic=0.09131253090240007, pvalue=0.26643342287512795)","SignificanceResult(statistic=0.10080981376950088, pvalue=0.21964821662300563)"
58,thăng_trầm,khô_kiệt,-0.05721364950366366,"PearsonRResult(statistic=-0.011099300620380101, pvalue=0.8927659898760097)","SignificanceResult(statistic=-0.006604737988355039, pvalue=0.9360659661473121)"
59,thay_thế,biến_đổi,1.2721894605243675,"PearsonRResult(statistic=0.18916793938166215, pvalue=0.020426688527137832)","SignificanceResult(statistic=0.1464011733854838, pvalue=0.07382664840875527)"
60,ban_công,lan_can,4.507265848381687,"PearsonRResult(statistic=0.546640690484625, pvalue=4.606692873870306e-13)","SignificanceResult(statistic=0.5349339970665363, pvalue=1.7682561741818487e-12)"
61,dưới,trên,1.2069519172303305,"PearsonRResult(statistic=0.2284823966401565, pvalue=0.0049201536290896805)","SignificanceResult(statistic=0.24096893195253122, pvalue=0.002973489646983169)"
62,kháng_cự,phản_đối,0.4729466399960295,"PearsonRResult(statistic=0.039780431102649685, pvalue=0.6288653790448889)","SignificanceResult(statistic=0.05269389750655585, pvalue=0.521904678431764)"
63,vế,vai_vế,1.3386386190083852,"PearsonRResult(statistic=0.1951535730635043, pvalue=0.016702302602703226)","SignificanceResult(statistic=0.14944486421618738, pvalue=0.06796013499937723)"
64,vắng_lặng,ồn_ào,4.018313631170428,"PearsonRResult(statistic=0.5549626657044127, pvalue=1.7145293422748308e-13)","SignificanceResult(statistic=0.5658402595670919, pvalue=4.516617911105707e-14)"
65,xót_thương,đau_lòng,4.155436123364008,"PearsonRResult(statistic=0.5395524494978247, pvalue=1.046593758239077e-12)","SignificanceResult(statistic=0.4802649006622517, pvalue=4.993522184173465e-10)"
66,găng_tay,quần_áo,3.2906338181696895,"PearsonRResult(statistic=0.4437703351401126, pvalue=1.286709354414416e-08)","SignificanceResult(statistic=0.3890181785857149, pvalue=8.662191882779841e-07)"
67,sinh_vật_cảnh,đồng_dao,1.2112340355725268,"PearsonRResult(statistic=0.18891614667325887, pvalue=0.020597948708382604)","SignificanceResult(statistic=0.14498599937775014, pvalue=0.07669053287639653)"
68,lặn,mọc,1.4562114371596009,"PearsonRResult(statistic=0.1959925511497122, pvalue=0.016230591475097065)","SignificanceResult(statistic=0.1895959820436464, pvalue=0.020138370231956713)"
69,bồ_bịch,nhân_tình,2.8928365498577704,"PearsonRResult(statistic=0.42206489047524065, pvalue=7.469886608809238e-08)","SignificanceResult(statistic=0.3784754877994578, pvalue=1.7930925675568042e-06)"
70,bằng_chứng,chứng_cứ,6.043725950943159,"PearsonRResult(statistic=0.730497131799504, pvalue=2.730853241221235e-26)","SignificanceResult(statistic=0.7294670874261079, pvalue=3.470229612675776e-26)"
71,hạ_màn,mở_màn,3.612470322735413,"PearsonRResult(statistic=0.48506433314059605, pvalue=3.163677698891308e-10)","SignificanceResult(statistic=0.4321916529623539, pvalue=3.3389094929537946e-08)"
72,ca_tụng,đoàn_kết,0.485746275887812,"PearsonRResult(statistic=0.06677954184943509, pvalue=0.41682378989169727)","SignificanceResult(statistic=0.05829414640650695, pvalue=0.4785821096668944)"
73,ngày,đêm,3.0907195801977276,"PearsonRResult(statistic=0.5021600010166742, pvalue=5.870462439527889e-11)","SignificanceResult(statistic=0.4927774567758567, pvalue=1.49673795804302e-10)"
74,lan_can,rào,3.817715255118135,"PearsonRResult(statistic=0.49444098645884277, pvalue=1.2704981329617122e-10)","SignificanceResult(statistic=0.5008418151917863, pvalue=6.706974866563772e-11)"
75,trở_lại,đảo_ngược,1.9476642250792666,"PearsonRResult(statistic=0.26223286067384993, pvalue=0.0011880254156728385)","SignificanceResult(statistic=0.258367038535046, pvalue=0.0014117111943801456)"
76,nhạc_nhẹ,tiểu_học,-0.06035701981733435,"PearsonRResult(statistic=-0.027091359681804268, pvalue=0.7420915968891056)","SignificanceResult(statistic=-0.015885150451131164, pvalue=0.8470081390287184)"
77,tự_do,đức_tính,0.011092595423868425,"PearsonRResult(statistic=0.00438887425930053, pvalue=0.957490408179917)","SignificanceResult(statistic=-0.0003395706475843371, pvalue=0.996709467053519)"
78,hợp_nhất,liên_kết,2.184839731461371,"PearsonRResult(statistic=0.33859444352985624, pvalue=2.254193751392316e-05)","SignificanceResult(statistic=0.25467976354504646, pvalue=0.0016602303639730543)"
79,hoàng_tộc,hoàng_gia,2.7690946957699514,"PearsonRResult(statistic=0.4382132883846443, pvalue=2.0425169306320797e-08)","SignificanceResult(statistic=0.4078847948797724, pvalue=2.2084773272247572e-07)"
80,đầu_mối,chỗ,1.0161568107665673,"PearsonRResult(statistic=0.16445635992619592, pvalue=0.04432171434859289)","SignificanceResult(statistic=0.1775101115605138, pvalue=0.02976920406954252)"
81,tinh_luyện,hoá_lỏng,2.850630389392425,"PearsonRResult(statistic=0.36120631168129297, pvalue=5.595552355624702e-06)","SignificanceResult(statistic=0.3528921285390462, pvalue=9.4573829066885e-06)"
82,bí_hiểm,bí_mật,1.8803424084686085,"PearsonRResult(statistic=0.28846880914434103, pvalue=0.0003437767113159145)","SignificanceResult(statistic=0.24174052180096894, pvalue=0.0028799561650005422)"
83,chung_tình,phụ_bạc,2.7066397865181604,"PearsonRResult(statistic=0.39158534137742, pvalue=7.227843660980887e-07)","SignificanceResult(statistic=0.369081292501889, pvalue=3.3573433561847935e-06)"
84,bàn_cãi,cân_nhắc,2.429545986499992,"PearsonRResult(statistic=0.2761785071500179, pvalue=0.0006239810863594058)","SignificanceResult(statistic=0.25923818836392726, pvalue=0.0013581893770218249)"
85,nhảy_cao,ném_đĩa,2.4045122243709143,"PearsonRResult(statistic=0.4626890622000527, pvalue=2.5042764569475674e-09)","SignificanceResult(statistic=0.44721454286857193, pvalue=9.622343272618557e-09)"
86,tiếng_chuông,âm_thanh,2.8620701329578084,"PearsonRResult(statistic=0.37821194373508205, pvalue=1.825412406274001e-06)","SignificanceResult(statistic=0.33525934485977155, pvalue=2.7438217623816778e-05)"
87,tha_thẩn,thơ_thẩn,3.331653309709827,"PearsonRResult(statistic=0.6562897056915095, pvalue=7.754740088911678e-20)","SignificanceResult(statistic=0.618610604915774, pvalue=3.295481777009909e-17)"
88,thuyền,bánh_lái,2.702987386877817,"PearsonRResult(statistic=0.3939822768821304, pvalue=6.095386170900183e-07)","SignificanceResult(statistic=0.35976532290324015, pvalue=6.134881328276554e-06)"
89,nấp,hiện,0.23973161355165204,"PearsonRResult(statistic=0.031750836520967246, pvalue=0.6997107365323525)","SignificanceResult(statistic=-0.009225298902173431, pvalue=0.9107888577767922)"
90,cất,giấu,3.2911658065433804,"PearsonRResult(statistic=0.42212599989712524, pvalue=7.434262759521948e-08)","SignificanceResult(statistic=0.4129161296057603, pvalue=1.5119281356146599e-07)"
91,âm,gốc,1.8790298183333403,"PearsonRResult(statistic=0.3014360420110075, pvalue=0.00017788668059778983)","SignificanceResult(statistic=0.31383261478287927, pvalue=9.200362355773621e-05)"
92,đặt,thả_lỏng,0.8419890381867058,"PearsonRResult(statistic=0.11982802301900364, pvalue=0.14413112622157057)","SignificanceResult(statistic=0.13617849682208097, pvalue=0.09658560035997087)"
93,chỉnh_hình,tiểu_học,0.9063827548361746,"PearsonRResult(statistic=0.13426151184072932, pvalue=0.10141537197621159)","SignificanceResult(statistic=0.05868527490110672, pvalue=0.4756308223306145)"
94,tẩy,cạn,1.0912138787810983,"PearsonRResult(statistic=0.1401567856504179, pvalue=0.08714434646326807)","SignificanceResult(statistic=0.10409529312413886, pvalue=0.2049109862432126)"
95,cây_trồng,đĩa_bay,0.7924548953533562,"PearsonRResult(statistic=0.10511382572237984, pvalue=0.2004902079694774)","SignificanceResult(statistic=0.10173429930219122, pvalue=0.2154272911129216)"
96,chỉnh_hình,luồng,-1.4807680918529516,"PearsonRResult(statistic=-0.18047195081322437, pvalue=0.027104479224191482)","SignificanceResult(statistic=-0.15471443175252234, pvalue=0.05870387908459005)"
97,màng_tế_bào,bảng_tổng_sắp,-0.17112763182510404,"PearsonRResult(statistic=-0.019100631716336757, pvalue=0.8165394064301811)","SignificanceResult(statistic=-0.0017583003689052845, pvalue=0.9829628198484006)"
98,ngót_nghét,xấp_xỉ,3.011159186213042,"PearsonRResult(statistic=0.4261907660700797, pvalue=5.3977958142400084e-08)","SignificanceResult(statistic=0.42371127605671366, pvalue=6.565027730019334e-08)"
99,biến_động,cố_định,1.698774833929355,"PearsonRResult(statistic=0.23695242144775003, pvalue=0.0035061524628580507)","SignificanceResult(statistic=0.20543668607493668, pvalue=0.01166940049665144)"
100,khuyết_điểm,ưu_điểm,3.2983938069483676,"PearsonRResult(statistic=0.39233146195989643, pvalue=6.855420164249672e-07)","SignificanceResult(statistic=0.35871994310858263, pvalue=6.556570395425407e-06)"
101,nhạo_báng,khiếm_nhã,3.3688836797230137,"PearsonRResult(statistic=0.47592962869945327, pvalue=7.496116660775241e-10)","SignificanceResult(statistic=0.4463718387483888, pvalue=1.0334465135134299e-08)"
102,hại,lợi,1.7305498528107774,"PearsonRResult(statistic=0.23630329977477776, pvalue=0.00359988094360439)","SignificanceResult(statistic=0.14879416862971687, pvalue=0.0691813229015751)"
103,bướu_cổ,bệnh_tật,2.639962090051421,"PearsonRResult(statistic=0.3969437990417629, pvalue=4.928938781146213e-07)","SignificanceResult(statistic=0.38966531845859814, pvalue=8.276978124512223e-07)"
104,cây_thuốc,cây_hoa_màu,1.9521666537848636,"PearsonRResult(statistic=0.3659857410809909, pvalue=4.110551864850158e-06)","SignificanceResult(statistic=0.35990044001955646, pvalue=6.082290665108322e-06)"
105,tinh_lọc,tinh_chế,3.1297965086117,"PearsonRResult(statistic=0.5155369044279162, pvalue=1.470162813468768e-11)","SignificanceResult(statistic=0.45634561536068274, pvalue=4.383821850214006e-09)"
106,bức_bối,nguỵ_trang,-0.3246686260592306,"PearsonRResult(statistic=-0.05087772312863087, pvalue=0.5363708565638897)","SignificanceResult(statistic=-0.05664073958842616, pvalue=0.4911666965516549)"
107,thân_thể,đầu,-0.29087179276447317,"PearsonRResult(statistic=-0.05012973963208077, pvalue=0.5423862121394818)","SignificanceResult(statistic=-0.03566202942352993, pvalue=0.6648310033890942)"
108,quỷ_quyệt,xảo_quyệt,3.1432137476304636,"PearsonRResult(statistic=0.6464246495191566, pvalue=4.105600452608286e-19)","SignificanceResult(statistic=0.624260633805947, pvalue=1.4009586937102917e-17)"
109,hoang_phí,hà_tiện,3.0019150954124205,"PearsonRResult(statistic=0.5032063874709528, pvalue=5.279234086064734e-11)","SignificanceResult(statistic=0.493175696697631, pvalue=1.4392705760932198e-10)"
110,cóp_nhặt,để_dành,0.8902635415075075,"PearsonRResult(statistic=0.1512462763271036, pvalue=0.06467064691191242)","SignificanceResult(statistic=0.14400817814125072, pvalue=0.07872122256566001)"
111,may,rủi,0.6171870523668828,"PearsonRResult(statistic=0.07524628310577601, pvalue=0.3601056182635066)","SignificanceResult(statistic=0.08580825814480644, pvalue=0.29645403057374986)"
112,tum,chân_vịt,1.303088861207861,"PearsonRResult(statistic=0.17354632014957197, pvalue=0.03368164452136389)","SignificanceResult(statistic=0.2000497799902218, pvalue=0.014109362530095985)"
113,nhạo,vèo,0.8143180033271871,"PearsonRResult(statistic=0.15452861667771922, pvalue=0.05901166552115622)","SignificanceResult(statistic=0.07502377883461488, pvalue=0.36153186171726504)"
114,ngoại_lệ,thường_lệ,-0.31051571670563227,"PearsonRResult(statistic=-0.036966513639697544, pvalue=0.6533511411879568)","SignificanceResult(statistic=-0.06442419663096138, pvalue=0.4334829291372003)"
115,phong_độ,phong_thái,3.3306813612388377,"PearsonRResult(statistic=0.37087546581277814, pvalue=2.9828310980870805e-06)","SignificanceResult(statistic=0.36408907062536117, pvalue=4.648484157020976e-06)"
116,biết_ơn,vô_ơn,1.607276446726225,"PearsonRResult(statistic=0.28776739522180667, pvalue=0.0003559350426685228)","SignificanceResult(statistic=0.28328192364105076, pvalue=0.0004435878442199771)"
117,buồn_bã,nối_tiếp,0.6081655867827441,"PearsonRResult(statistic=0.09799375155444219, pvalue=0.2328665821429879)","SignificanceResult(statistic=0.09614116182941464, pvalue=0.24186136243650455)"
118,quay,chuyển_hướng,2.18787563416105,"PearsonRResult(statistic=0.2978703607441479, pvalue=0.00021388091158240028)","SignificanceResult(statistic=0.2920858704831326, pvalue=0.0002869578433682987)"
119,tập_dượt,tập_luyện,3.406666460439139,"PearsonRResult(statistic=0.4297498667822356, pvalue=4.0642315222361844e-08)","SignificanceResult(statistic=0.45017289657318105, pvalue=7.477559603385334e-09)"
120,oxy_hoá,đổi_thay,1.124374566798312,"PearsonRResult(statistic=0.12499126492145678, pvalue=0.12750845547107598)","SignificanceResult(statistic=0.0908218143028579, pvalue=0.26902251495446705)"
121,trà,bụi,1.5242311190421163,"PearsonRResult(statistic=0.22213744915442177, pvalue=0.006293605872241141)","SignificanceResult(statistic=0.21990132894795325, pvalue=0.006853509782748247)"
122,phỏng,mảnh,0.6032652619259277,"PearsonRResult(statistic=0.08516427658518294, pvalue=0.30010723565406466)","SignificanceResult(statistic=0.08010844926441175, pvalue=0.32981640080569785)"
123,phòng_ngủ,công_trình_phụ,2.3759297480973975,"PearsonRResult(statistic=0.2778432464879113, pvalue=0.0005764918898677863)","SignificanceResult(statistic=0.3457949242188542, pvalue=1.4632551927279902e-05)"
124,hình_hoạ,cung_bậc,0.9564275744454191,"PearsonRResult(statistic=0.16196676555762224, pvalue=0.04768330788871726)","SignificanceResult(statistic=0.16301702297879908, pvalue=0.046240178415842347)"
125,hoạ,phúc,0.6932593176070719,"PearsonRResult(statistic=0.10939192984876166, pvalue=0.18267393290264852)","SignificanceResult(statistic=0.0888448375483355, pvalue=0.2796261474819022)"
126,nửa_mùa,đồng_điệu,-0.09527949785315117,"PearsonRResult(statistic=-0.013530514789759286, pvalue=0.8694670135586473)","SignificanceResult(statistic=0.004165518467487445, pvalue=0.9596519040213419)"
127,thịnh_hành,hữu_tình,0.5805403166898969,"PearsonRResult(statistic=0.07760957864893195, pvalue=0.3451734553678269)","SignificanceResult(statistic=0.04747766567402996, pvalue=0.5639790251631938)"
128,lời_lãi,thua_lỗ,2.009345606225001,"PearsonRResult(statistic=0.26839915706488543, pvalue=0.0008974222280212845)","SignificanceResult(statistic=0.2799715542913018, pvalue=0.0005206298835868814)"
129,con_đường,vỉa_hè,2.3381280112903076,"PearsonRResult(statistic=0.3104838755900645, pvalue=0.0001102573990129)","SignificanceResult(statistic=0.35157651451175603, pvalue=1.0262518268886631e-05)"
130,chính_nghĩa,phi_nghĩa,3.3128412637487448,"PearsonRResult(statistic=0.5562107153334248, pvalue=1.4748232925652325e-13)","SignificanceResult(statistic=0.5511053824614427, pvalue=2.7200595826134177e-13)"
131,trần_gian,cõi_âm,2.2872448222867376,"PearsonRResult(statistic=0.3568433408914406, pvalue=7.383269984745559e-06)","SignificanceResult(statistic=0.36950797813236147, pvalue=3.2644321796640764e-06)"
132,vượng,suy,0.057862845748143876,"PearsonRResult(statistic=0.009527829911865463, pvalue=0.9078759986299959)","SignificanceResult(statistic=0.0210836037157207, pvalue=0.7978823535457351)"
133,ấp_úng,nói,1.205161168933251,"PearsonRResult(statistic=0.19115299380457434, pvalue=0.019119057128473164)","SignificanceResult(statistic=0.16648028801280057, pvalue=0.04173691235235065)"
134,thất_bại,thành_công,2.922191926647886,"PearsonRResult(statistic=0.4656832607466774, pvalue=1.914988833417206e-09)","SignificanceResult(statistic=0.40939597315436244, pvalue=1.9721923615747144e-07)"
135,ái_mộ,hâm_mộ,3.2729735388865824,"PearsonRResult(statistic=0.4681080714537174, pvalue=1.5380877861385086e-09)","SignificanceResult(statistic=0.4303071247611005, pvalue=3.8864578411388764e-08)"
136,nỗi_đau,tai_hoạ,3.8521314634404074,"PearsonRResult(statistic=0.49559398407126987, pvalue=1.1334954021170293e-10)","SignificanceResult(statistic=0.4385883817058537, pvalue=1.980307290847767e-08)"
137,định_kỳ,bất_thường,0.9970470415435015,"PearsonRResult(statistic=0.14235794804821228, pvalue=0.0822463578041926)","SignificanceResult(statistic=0.12384372638783946, pvalue=0.1310689468586781)"
138,trước,sau,3.2887518071988526,"PearsonRResult(statistic=0.5824748800450192, pvalue=5.330499710180759e-15)","SignificanceResult(statistic=0.5572958798168807, pvalue=1.293151520000447e-13)"
139,đánh_bóng,làm_đẹp,2.8378880819770522,"PearsonRResult(statistic=0.3793215485309522, pvalue=1.6929738032861693e-06)","SignificanceResult(statistic=0.36959687097204325, pvalue=3.2453853655610543e-06)"
140,đoán,quan_sát,2.2935723971122597,"PearsonRResult(statistic=0.31059585538041345, pvalue=0.00010959592404783403)","SignificanceResult(statistic=0.27979732432552556, pvalue=0.0005250079951899238)"
141,đồ_dùng,đồ_vật,4.588788741499358,"PearsonRResult(statistic=0.5755589571867606, pvalue=1.3151445829704248e-14)","SignificanceResult(statistic=0.5762264989555091, pvalue=1.2064737691221389e-14)"
142,giải_tán,tập_hợp,1.3691970406167064,"PearsonRResult(statistic=0.19377131793858532, pvalue=0.017505468562753385)","SignificanceResult(statistic=0.2071220943153029, pvalue=0.01098624272939035)"
143,nhóm,liên_kết,1.3372564051137024,"PearsonRResult(statistic=0.24142038564148804, pvalue=0.002918436103513971)","SignificanceResult(statistic=0.15781145828703497, pvalue=0.05376529762839787)"
144,đầu_tiên,cuối_cùng,2.7624884814682953,"PearsonRResult(statistic=0.5044802369377455, pvalue=4.6369958691492256e-11)","SignificanceResult(statistic=0.4876607849237744, pvalue=2.4641917402362403e-10)"
145,quyển,bìa,1.4406569799669195,"PearsonRResult(statistic=0.2096355650276221, pvalue=0.010032777570073132)","SignificanceResult(statistic=0.2186426063380595, pvalue=0.007187798236896072)"
146,vượt_tuyến,hằn_học,-0.2087850586797974,"PearsonRResult(statistic=-0.030184490417135543, pvalue=0.7138621994813292)","SignificanceResult(statistic=-0.04272012089426197, pvalue=0.6037100840877869)"
147,chiến_bại,thắng_lợi,2.0636017637849378,"PearsonRResult(statistic=0.2786843001229441, pvalue=0.0005537875215648249)","SignificanceResult(statistic=0.2671105382461443, pvalue=0.0009521250750850851)"
148,đỡ_đần,bình_luận,0.13378967422086147,"PearsonRResult(statistic=0.019470639139273462, pvalue=0.8130499839336824)","SignificanceResult(statistic=0.06317258544824214, pvalue=0.4424882883707524)"
149,hạ,tăng,2.4606843490877237,"PearsonRResult(statistic=0.3599620221563016, pvalue=6.058463411728653e-06)","SignificanceResult(statistic=0.35527445664251744, pvalue=8.149183046857346e-06)"
150,bội_bạc,chung_thuỷ,2.279940636945307,"PearsonRResult(statistic=0.3338272973568698, pvalue=2.9833900065447372e-05)","SignificanceResult(statistic=0.3465167340770701, pvalue=1.4003959033734086e-05)"
151,nhà_máy,dây_chuyền,2.591496506592105,"PearsonRResult(statistic=0.35273881224452397, pvalue=9.548038638033564e-06)","SignificanceResult(statistic=0.36951153384594876, pvalue=3.263668274086732e-06)"
152,tàu_hoả,xe_điện_ngầm,3.0547860263214117,"PearsonRResult(statistic=0.42140002228710977, pvalue=7.868199590969955e-08)","SignificanceResult(statistic=0.41635450464465085, pvalue=1.1628169675428639e-07)"
153,thuở,thủa,7.32074396710938,"PearsonRResult(statistic=0.8568917229709926, pvalue=1.9566206917048022e-44)","SignificanceResult(statistic=0.8325436686074937, pvalue=8.494403496755655e-40)"
154,tranh,trông_nom,-0.226406981298208,"PearsonRResult(statistic=-0.02936878159171731, pvalue=0.7212710124697121)","SignificanceResult(statistic=-0.027907018089692877, pvalue=0.7346123022108162)"
155,xuôi,ngược,2.254575481797161,"PearsonRResult(statistic=0.3299438284060356, pvalue=3.7358911654004936e-05)","SignificanceResult(statistic=0.30458420374238854, pvalue=0.0001508778274718611)"
156,biên_nhận,móc,0.029423122872556627,"PearsonRResult(statistic=0.004550705970874156, pvalue=0.9559244957685018)","SignificanceResult(statistic=0.014672652117871905, pvalue=0.8585589594983692)"
157,thi_hành,bắt,0.41000970563565353,"PearsonRResult(statistic=0.056890300503425785, pvalue=0.4892560079934847)","SignificanceResult(statistic=0.057600782256989204, pvalue=0.4838381835446065)"
158,cự_tuyệt,bãi_bỏ,3.0555854996849567,"PearsonRResult(statistic=0.3937330404484614, pvalue=6.204743094334049e-07)","SignificanceResult(statistic=0.3748131028045691, pvalue=2.295149501595808e-06)"
159,hiện_trạng,tình_cảnh,1.5080052675621496,"PearsonRResult(statistic=0.19683881747605367, pvalue=0.01576656486426322)","SignificanceResult(statistic=0.16922174318858615, pvalue=0.038438187956186136)"
160,vượt_tuyến,dứt_điểm,1.9772619837697356,"PearsonRResult(statistic=0.259458291580378, pvalue=0.0013449631003109887)","SignificanceResult(statistic=0.2420605360238233, pvalue=0.0028419496280606025)"
161,bằng,văn_bằng,0.38819353628727343,"PearsonRResult(statistic=0.05727215584268187, pvalue=0.48634013312711755)","SignificanceResult(statistic=0.055613138361704964, pvalue=0.49907583818749923)"
162,tĩnh_dưỡng,lộn_xộn,-0.13624119745631122,"PearsonRResult(statistic=-0.014662587385263904, pvalue=0.858654969873301)","SignificanceResult(statistic=-0.04104182408107027, pvalue=0.6180169088536519)"
163,nhốt,thả,3.046252353062899,"PearsonRResult(statistic=0.391201511157102, pvalue=7.426869190402564e-07)","SignificanceResult(statistic=0.38375927819014183, pvalue=1.2491617529122846e-06)"
164,nội_tiết,huyệt,1.6953336026131642,"PearsonRResult(statistic=0.1886423684521235, pvalue=0.02078556756435776)","SignificanceResult(statistic=0.1945099782212543, pvalue=0.017072192739719674)"
165,phụ_bản,truyện_tranh,2.1249719855681595,"PearsonRResult(statistic=0.3479596568032781, pvalue=1.2823003687644934e-05)","SignificanceResult(statistic=0.3754069069736433, pvalue=2.2055513585688085e-06)"
166,phong_thư,địa_chỉ,1.3033940648650413,"PearsonRResult(statistic=0.2513459633743547, pvalue=0.0019185551389316326)","SignificanceResult(statistic=0.19809413751722302, pvalue=0.015099526719664948)"
167,thời_bình,thời_chiến,4.382605991305681,"PearsonRResult(statistic=0.5981912613552053, pvalue=6.311695636762118e-16)","SignificanceResult(statistic=0.5782034757100316, pvalue=9.334491184177537e-15)"
168,áo_quan,quan_tài,5.116827002991177,"PearsonRResult(statistic=0.6819494473837755, pvalue=7.480429603657444e-22)","SignificanceResult(statistic=0.6685043779723544, pvalue=9.016519958163451e-21)"
169,trẩy_hội,ví,0.3902904453867127,"PearsonRResult(statistic=0.05000167746661728, pvalue=0.5434194282559546)","SignificanceResult(statistic=0.04092448553269035, pvalue=0.6190226435604831)"
170,cũ_kỹ,mới_mẻ,2.278377458248127,"PearsonRResult(statistic=0.3303137320445229, pvalue=3.657179632304383e-05)","SignificanceResult(statistic=0.3262740566247389, pvalue=4.607869952549048e-05)"
171,sân_vận_động,khán_đài,4.851300990727477,"PearsonRResult(statistic=0.5714301543691234, pvalue=2.232369547022235e-14)","SignificanceResult(statistic=0.5291879639095071, pvalue=3.3584316367460394e-12)"
172,được,mất,-0.03007811278892033,"PearsonRResult(statistic=0.0021568857295563536, pvalue=0.9791014913524873)","SignificanceResult(statistic=-0.030246677630116896, pvalue=0.713298457372199)"
173,hiểu,tiên_lượng,1.871684218798141,"PearsonRResult(statistic=0.2555596072285657, pvalue=0.001597555677327474)","SignificanceResult(statistic=0.31298635494910887, pvalue=9.632898147856486e-05)"
174,quét_dọn,loại_bỏ,0.33266584631814167,"PearsonRResult(statistic=0.04744182591381986, pvalue=0.5642736111205402)","SignificanceResult(statistic=0.03684608204809103, pvalue=0.6544076320461669)"
175,bay_hơi,bay,1.0164938826956782,"PearsonRResult(statistic=0.1419739283702925, pvalue=0.083084588253314)","SignificanceResult(statistic=0.17372683230365793, pvalue=0.03349445187207553)"
176,dễ_dàng,khó_khăn,2.9335288124587424,"PearsonRResult(statistic=0.436611588621884, pvalue=2.3299368438699103e-08)","SignificanceResult(statistic=0.41028845726476737, pvalue=1.8442158341855504e-07)"
177,gạ,gạ_gẫm,5.177441410894082,"PearsonRResult(statistic=0.6755924101435686, pvalue=2.467189879437623e-21)","SignificanceResult(statistic=0.6449833325925597, pvalue=5.21087174126798e-19)"
178,nhậm_chức,nhiệm_chức,1.9484372357421558,"PearsonRResult(statistic=0.31543490662714724, pvalue=8.430705435983517e-05)","SignificanceResult(statistic=0.31878216809635984, pvalue=7.01304956428587e-05)"
179,hổ_thẹn,bắt_buộc,2.174036073545451,"PearsonRResult(statistic=0.289324728279118, pvalue=0.0003294613245874797)","SignificanceResult(statistic=0.33006444730876927, pvalue=3.710051515047002e-05)"
180,dấu_hiệu,đặc_trưng,0.8457208749937547,"PearsonRResult(statistic=0.12922763670446905, pvalue=0.11500625129702582)","SignificanceResult(statistic=0.11623094359749322, pvalue=0.15664978596477028)"
181,người_dân,tộc_người,2.5046131723103184,"PearsonRResult(statistic=0.34384143804185674, pvalue=1.6469992977252897e-05)","SignificanceResult(statistic=0.33818214142850794, pvalue=2.309923807660863e-05)"
182,bật_lửa,giảm_xóc,1.6895377856097207,"PearsonRResult(statistic=0.17554490538703013, pvalue=0.0316577169813266)","SignificanceResult(statistic=0.16654784657095872, pvalue=0.04165285797623258)"
183,sinh_vật_cảnh,không_trung,0.5380852798617138,"PearsonRResult(statistic=0.07378727589928094, pvalue=0.36952151021260704)","SignificanceResult(statistic=0.0998995510911596, pvalue=0.22386128519936488)"
184,chần_chờ,dứt_khoát,-0.4722500617426884,"PearsonRResult(statistic=-0.08047424083648037, pvalue=0.3276057181198252)","SignificanceResult(statistic=-0.06374149962220543, pvalue=0.4383818769286101)"
185,tư_thế,phong_thái,2.679533297718525,"PearsonRResult(statistic=0.3372479763468769, pvalue=2.4410310901957192e-05)","SignificanceResult(statistic=0.34699675541135167, pvalue=1.3600137368667062e-05)"
186,máy_vi_tính,phím,1.9091508112930242,"PearsonRResult(statistic=0.23163868597060142, pvalue=0.004342491818257896)","SignificanceResult(statistic=0.2202106760300458, pvalue=0.006773501011177355)"
187,sụp_đổ,kìm_nén,1.8399308442453235,"PearsonRResult(statistic=0.2215668041127968, pvalue=0.006432475232624955)","SignificanceResult(statistic=0.15931908084803767, pvalue=0.051488443429368445)"
188,mắc_kẹt,cầm_giữ,3.4149420595003708,"PearsonRResult(statistic=0.4761488745747709, pvalue=7.344679756062486e-10)","SignificanceResult(statistic=0.492990799591093, pvalue=1.465681370964695e-10)"
189,hình_hoạ,khí_quyển,0.5541633215430314,"PearsonRResult(statistic=0.09656004060951646, pvalue=0.23980673195053417)","SignificanceResult(statistic=0.05185830481354727, pvalue=0.528535589598401)"
190,thuộc_địa,kiều_dân,1.755755657989774,"PearsonRResult(statistic=0.320402744972637, pvalue=6.40996428380273e-05)","SignificanceResult(statistic=0.317338548379928, pvalue=7.594634925026157e-05)"
191,nhà_hát,sân_khấu,3.55078365469329,"PearsonRResult(statistic=0.43708785313902154, pvalue=2.2406448485290907e-08)","SignificanceResult(statistic=0.40843593048579935, pvalue=2.119327097526734e-07)"
192,thìa,muỗng,7.121486933184262,"PearsonRResult(statistic=0.8412112796381572, pvalue=2.335095843859101e-41)","SignificanceResult(statistic=0.8365580692475222, pvalue=1.6504002550459229e-40)"
193,tỏ,biểu_lộ,4.1991798549402235,"PearsonRResult(statistic=0.49643884853028675, pvalue=1.0422963968984704e-10)","SignificanceResult(statistic=0.4923934397084315, pvalue=1.55425094225329e-10)"
194,chiến_tranh,trận_chiến,2.9965349939506067,"PearsonRResult(statistic=0.4094996723850312, pvalue=1.9568975155493549e-07)","SignificanceResult(statistic=0.39401395617583, pvalue=6.081618748469652e-07)"
195,cộc,va,0.22243087329515837,"PearsonRResult(statistic=0.052376154435571955, pvalue=0.524421154928394)","SignificanceResult(statistic=0.052487666118494154, pvalue=0.5235372991628598)"
196,tính_sổ,giám_đốc_thẩm,0.17370885615690662,"PearsonRResult(statistic=0.030487757076179747, pvalue=0.7111144810015285)","SignificanceResult(statistic=0.03487266100715588, pvalue=0.6718158812241921)"
197,hơn,thua,0.5507680137565286,"PearsonRResult(statistic=0.07176221692914601, pvalue=0.3828389068216406)","SignificanceResult(statistic=0.06277434552646784, pvalue=0.44537568718856346)"
198,cựu_binh,tân_binh,3.2420041073508754,"PearsonRResult(statistic=0.45534781647155703, pvalue=4.7824762248628496e-09)","SignificanceResult(statistic=0.3914609538201698, pvalue=7.291777932436576e-07)"
199,tính_sổ,nuôi_dưỡng,0.3726741320237071,"PearsonRResult(statistic=0.07575068692583031, pvalue=0.3568853802800723)","SignificanceResult(statistic=0.03777056758078137, pvalue=0.6463152488135899)"
200,hâm_nóng,cải_biến,2.5720129338040096,"PearsonRResult(statistic=0.3912124945373575, pvalue=7.421102112923716e-07)","SignificanceResult(statistic=0.4008089248411041, pvalue=3.723955661859315e-07)"
201,bón,tẩm,1.8472939115297144,"PearsonRResult(statistic=0.23087056969637743, pvalue=0.004477169156012517)","SignificanceResult(statistic=0.24139561758300374, pvalue=0.0029214324603843355)"
202,thảm,thê_thảm,1.5615973777445238,"PearsonRResult(statistic=0.2227953845627825, pvalue=0.006136814122490311)","SignificanceResult(statistic=0.23519800880039116, pvalue=0.0037646789625387735)"
203,lắp_đặt,nhồi_nhét,0.6904308697748174,"PearsonRResult(statistic=0.09123605785809195, pvalue=0.26683578548844633)","SignificanceResult(statistic=0.13170185341570737, pvalue=0.10815882241653026)"
204,tạo_hoá,tạo_vật,1.46616401694185,"PearsonRResult(statistic=0.2937621910988106, pvalue=0.00026369572619233884)","SignificanceResult(statistic=0.2901942308547047, pvalue=0.0003154857546757754)"
205,hen,cúm,2.58207775655043,"PearsonRResult(statistic=0.33866580706982535, pvalue=2.24467720830353e-05)","SignificanceResult(statistic=0.3205173563269479, pvalue=6.369207064692917e-05)"
206,mệt_mỏi,mỏi_mệt,5.370640695617274,"PearsonRResult(statistic=0.7719931324217844, pvalue=6.322050556742891e-31)","SignificanceResult(statistic=0.7536672741010711, pvalue=9.150604848093044e-29)"
207,tắc_nghẽn,thông_suốt,2.9009334710127694,"PearsonRResult(statistic=0.3583023691164828, pvalue=6.732565510092216e-06)","SignificanceResult(statistic=0.33971109827103424, pvalue=2.1095500234472935e-05)"
208,trọng,coi_trọng,2.3905593872342354,"PearsonRResult(statistic=0.37822942031127726, pvalue=1.8232521202923703e-06)","SignificanceResult(statistic=0.3877096759855993, pvalue=9.493919102394429e-07)"
209,đẽo,bắt,0.4760674193246272,"PearsonRResult(statistic=0.0651490062551962, pvalue=0.4283162503044661)","SignificanceResult(statistic=0.0767945242010756, pvalue=0.35027851160547596)"
210,hú,ca,1.0067299137169623,"PearsonRResult(statistic=0.14693166041277272, pvalue=0.07277566298448315)","SignificanceResult(statistic=0.1421272056535846, pvalue=0.08274919981611298)"
211,danh_sách,mục,1.8757389109656686,"PearsonRResult(statistic=0.257872054283198, pvalue=0.0014429728048971483)","SignificanceResult(statistic=0.25428507933685945, pvalue=0.0016890661104484003)"
212,chuyển_nhượng,phát_mại,1.3460122879977643,"PearsonRResult(statistic=0.18198896178900137, pvalue=0.02582043039499317)","SignificanceResult(statistic=0.19152317880794703, pvalue=0.018883386781873682)"
213,vòng_tay,trang_sức,0.9194561167290912,"PearsonRResult(statistic=0.109806366604761, pvalue=0.18101178878670968)","SignificanceResult(statistic=0.10215387350548913, pvalue=0.21353084443394849)"
214,đổ_bê_tông,chăm_sóc,0.3998483312214261,"PearsonRResult(statistic=0.05592149896983262, pvalue=0.4966954666124203)","SignificanceResult(statistic=0.047747899906662526, pvalue=0.5617601909049064)"
215,kín,phát,0.1152108541056258,"PearsonRResult(statistic=0.020787897284575356, pvalue=0.800657583691988)","SignificanceResult(statistic=0.044579759100404466, pvalue=0.5880318803947039)"
216,người_tình,chiến_sĩ,0.7714749008278078,"PearsonRResult(statistic=0.11315891331891856, pvalue=0.16797278282903375)","SignificanceResult(statistic=0.10244899773323259, pvalue=0.21220406639822553)"
217,cuối,đầu,3.3927585718348414,"PearsonRResult(statistic=0.6430449192847206, pvalue=7.166079040221836e-19)","SignificanceResult(statistic=0.6491790746255389, pvalue=2.593980402589273e-19)"
218,cần_tây,đậu_bắp,3.089822345169354,"PearsonRResult(statistic=0.5554322772045786, pvalue=1.6201921749434614e-13)","SignificanceResult(statistic=0.5332912573892173, pvalue=2.126811942114344e-12)"
219,định_kì,bất_thường,0.9437437047093404,"PearsonRResult(statistic=0.15671415862847152, pvalue=0.055474268482246535)","SignificanceResult(statistic=0.11693853060136006, pvalue=0.154124856660559)"
220,thiện_chí,ác_ý,2.430093299531751,"PearsonRResult(statistic=0.30569121417704126, pvalue=0.00014232599454906865)","SignificanceResult(statistic=0.30325081114716207, pvalue=0.0001618137749195504)"
221,biên_cương,biên_giới,2.6263364616110323,"PearsonRResult(statistic=0.3589819172598699, pvalue=6.448389453736771e-06)","SignificanceResult(statistic=0.3579590204009067, pvalue=6.880618285681066e-06)"
222,sông,cửa_sông,4.915177917272386,"PearsonRResult(statistic=0.644371018912213, pvalue=5.764041501312247e-19)","SignificanceResult(statistic=0.6256829192408552, pvalue=1.1264614781380862e-17)"
223,tím,bẹp,0.793003014404121,"PearsonRResult(statistic=0.10774516333130804, pvalue=0.18938917203804)","SignificanceResult(statistic=0.08132450331125829, pvalue=0.32250398037095496)"
224,năm_âm_lịch,tháng_âm_lịch,4.082892250064509,"PearsonRResult(statistic=0.5586922861232262, pvalue=1.0911371154390192e-13)","SignificanceResult(statistic=0.4779607982577004, pvalue=6.201289472943651e-10)"
225,đỡ_đần,suy_xét,1.2358835328719542,"PearsonRResult(statistic=0.15703807384461638, pvalue=0.05496519384409506)","SignificanceResult(statistic=0.14839237299435531, pvalue=0.06994425830549929)"
226,bầm,mệ,0.26058720696312243,"PearsonRResult(statistic=0.05183358261166465, pvalue=0.5287324193147611)","SignificanceResult(statistic=0.05973065469576427, pvalue=0.4677915547770264)"
227,dáng,tản_bộ,0.7000146268622388,"PearsonRResult(statistic=0.0982031708636795, pvalue=0.23186477509770997)","SignificanceResult(statistic=0.12364105071336504, pvalue=0.1317056462593552)"
228,sinh_vật,tế_bào,3.674691741864989,"PearsonRResult(statistic=0.498455533520185, pvalue=8.523801958635555e-11)","SignificanceResult(statistic=0.4941144050846704, pvalue=1.3121290070676263e-10)"
229,nhau,rau,0.7694810512891079,"PearsonRResult(statistic=0.11678120491823576, pvalue=0.1546835884444065)","SignificanceResult(statistic=0.10573447708787058, pvalue=0.19783038776686657)"
230,đồng_tình,phản_đối,2.383423478340854,"PearsonRResult(statistic=0.28725385605455955, pvalue=0.00036508781366927193)","SignificanceResult(statistic=0.29347971020934266, pvalue=0.0002674889055332429)"
231,thanh,dụng_cụ,0.8747689646034615,"PearsonRResult(statistic=0.14611371754832309, pvalue=0.07440125836583825)","SignificanceResult(statistic=0.17296235388239478, pvalue=0.0342933003581577)"
232,điệu,háo,0.7718321118720162,"PearsonRResult(statistic=0.1104169518001712, pvalue=0.17858325838385664)","SignificanceResult(statistic=0.08291746299835548, pvalue=0.3130847818662008)"
233,tử_trận,tiếp_sức,0.601801282096748,"PearsonRResult(statistic=0.07346359445335743, pvalue=0.37163078076719447)","SignificanceResult(statistic=0.0774594426418952, pvalue=0.34611027986866594)"
234,trù_dập,trù_úm,3.220759591401591,"PearsonRResult(statistic=0.5923199217513957, pvalue=1.4197191303138269e-15)","SignificanceResult(statistic=0.6096039823992178, pvalue=1.2441359578571185e-16)"
235,tứ_kết,trận_đấu,3.367683938740265,"PearsonRResult(statistic=0.39608337504165375, pvalue=5.243810891185018e-07)","SignificanceResult(statistic=0.381238277256767, pvalue=1.4854619456976254e-06)"
236,tình_ca,ca_khúc,4.046949556484857,"PearsonRResult(statistic=0.485083087426255, pvalue=3.1579965992707366e-10)","SignificanceResult(statistic=0.5005146895417574, pvalue=6.931796904054352e-11)"
237,báo_ân,trả_thù,0.47541254837845515,"PearsonRResult(statistic=0.09284643615522245, pvalue=0.25845000207515256)","SignificanceResult(statistic=0.14517445219787545, pvalue=0.07630406499350628)"
238,vững_tâm,vững_lòng,2.3133123029582032,"PearsonRResult(statistic=0.4067864744412479, pvalue=2.3969491846026505e-07)","SignificanceResult(statistic=0.370080448019912, pvalue=3.1436049106343676e-06)"
239,cũ_rích,mới_mẻ,1.249075993036443,"PearsonRResult(statistic=0.190802015657266, pvalue=0.019344845877296308)","SignificanceResult(statistic=0.16132094759767102, pvalue=0.04858917378698579)"
240,lành,kẹt,0.2161052926145299,"PearsonRResult(statistic=0.022409973890382573, pvalue=0.7854658053188257)","SignificanceResult(statistic=0.05307435886039379, pvalue=0.5188995899324689)"
241,tù,ngục,2.4900539249830627,"PearsonRResult(statistic=0.3090091010801284, pvalue=0.00011932415731423205)","SignificanceResult(statistic=0.28982088092804126, pvalue=0.0003214179427943076)"
242,dày_cộp,mỏng_tang,1.9157903334860231,"PearsonRResult(statistic=0.3169593644296888, pvalue=7.75471494305303e-05)","SignificanceResult(statistic=0.2693399706653629, pvalue=0.0008593216771007663)"
243,cây_trồng,thầy_thuốc_nhân_dân,0.556862620861671,"PearsonRResult(statistic=0.08745538417744222, pvalue=0.287244650654285)","SignificanceResult(statistic=0.06100004444641984, pvalue=0.4583684825854508)"
244,điều_hành,lục_lọi,0.09404583510041162,"PearsonRResult(statistic=0.01120320805603462, pvalue=0.8917681948650004)","SignificanceResult(statistic=0.04403573492155207, pvalue=0.5925991245342015)"
245,tự_do,phần_cứng,0.023304284614975045,"PearsonRResult(statistic=-0.0018186621887536065, pvalue=0.9823780321537943)","SignificanceResult(statistic=0.02583759278190142, pvalue=0.7536351225531854)"
246,thu_ngân,dân_cư,0.718938284054528,"PearsonRResult(statistic=0.11031972062367444, pvalue=0.17896836929959653)","SignificanceResult(statistic=0.14880839148406597, pvalue=0.06915444082664736)"
247,cắt,tẩm,0.6943745842265244,"PearsonRResult(statistic=0.10557440039412394, pvalue=0.19851394306220976)","SignificanceResult(statistic=0.0688866171829859, pvalue=0.4022424093102026)"
248,nghị_quyết,tài_liệu,1.3089964741909794,"PearsonRResult(statistic=0.16131521685185424, pvalue=0.04859727568213405)","SignificanceResult(statistic=0.12356282501444509, pvalue=0.1319520235222382)"
249,ăn_nhậu,nhậu_nhẹt,5.9203733834061145,"PearsonRResult(statistic=0.7274885703887581, pvalue=5.481552173061616e-26)","SignificanceResult(statistic=0.6990621805413574, pvalue=2.5783861771695328e-23)"
250,gắn_kết,liên_kết,5.041038096434446,"PearsonRResult(statistic=0.6905876637060903, pvalue=1.407051869083691e-22)","SignificanceResult(statistic=0.634223743277479, pvalue=2.9691400934522188e-18)"
251,máy_tính,bộ_vi_xử_lý,3.8534430442675482,"PearsonRResult(statistic=0.5059181154667307, pvalue=4.0028426409878074e-11)","SignificanceResult(statistic=0.47244944219743107, pvalue=1.0344165411221581e-09)"
252,cải_thiện,thuần_hoá,1.2174942581089512,"PearsonRResult(statistic=0.20933591659106957, pvalue=0.010142479523012188)","SignificanceResult(statistic=0.24168718609715986, pvalue=0.0028863350492742395)"
253,năng_lực,tột_độ,-0.09603520848418093,"PearsonRResult(statistic=-0.014954317519932425, pvalue=0.8558729171044588)","SignificanceResult(statistic=0.009559535979376862, pvalue=0.9075707934144497)"
254,an_dưỡng,tĩnh_dưỡng,3.255574751197389,"PearsonRResult(statistic=0.5469785653815534, pvalue=4.4278384178177397e-13)","SignificanceResult(statistic=0.4717738566158496, pvalue=1.100688016399131e-09)"
255,di_chuyển,dời,2.6632023486505356,"PearsonRResult(statistic=0.3423658130050278, pvalue=1.800001713362351e-05)","SignificanceResult(statistic=0.33440241788523933, pvalue=2.884905291910396e-05)"
256,ngoài,trong,0.6454516367130463,"PearsonRResult(statistic=0.12115966398655705, pvalue=0.13969442718246625)","SignificanceResult(statistic=0.1390977376772301, pvalue=0.08958254989989103)"
257,cặp,đôi,2.2477134702669423,"PearsonRResult(statistic=0.37452709115031063, pvalue=2.3395295261558553e-06)","SignificanceResult(statistic=0.36411040490688473, pvalue=4.642078261890937e-06)"
258,cẳng,bắp_chân,2.3125685088600334,"PearsonRResult(statistic=0.30273870478111936, pvalue=0.0001662067007986768)","SignificanceResult(statistic=0.287740788479488, pvalue=0.00035640398652591476)"
259,chiến_tranh,hoà_bình,2.4408869283313566,"PearsonRResult(statistic=0.3465161784057676, pvalue=1.4004432988305795e-05)","SignificanceResult(statistic=0.3758549268856394, pvalue=2.1401614355544066e-06)"
260,đau_đớn,làm_phiền,0.5188014686807151,"PearsonRResult(statistic=0.06909363842418058, pvalue=0.40082630651865486)","SignificanceResult(statistic=0.0831556958087026, pvalue=0.3116916768928179)"
261,gia_tăng,lạm_phát,1.5962264178736854,"PearsonRResult(statistic=0.19925953686452974, pvalue=0.014502427404970583)","SignificanceResult(statistic=0.17244677541224057, pvalue=0.03484110961104268)"
262,thói,thái_độ,3.4602368560337333,"PearsonRResult(statistic=0.43617576114078355, pvalue=2.414635068136022e-08)","SignificanceResult(statistic=0.4148255478021246, pvalue=1.307285333063584e-07)"
263,mô_hình,cấu_trúc,2.6947670216723885,"PearsonRResult(statistic=0.4215486451448269, pvalue=7.777433051645618e-08)","SignificanceResult(statistic=0.3362585003777946, pvalue=2.587524925994382e-05)"
264,mạo_danh,lừa_đảo,4.679135174424941,"PearsonRResult(statistic=0.6085335981625671, pvalue=1.4528503836049403e-16)","SignificanceResult(statistic=0.5819974221076493, pvalue=5.6773135394815505e-15)"
265,sếp,lãnh_đạo,2.0131379650502845,"PearsonRResult(statistic=0.32617883459628544, pvalue=4.632855291127327e-05)","SignificanceResult(statistic=0.29011244944219744, pvalue=0.0003167764418083153)"
266,thẻ,kỉ_vật,0.6167654415543271,"PearsonRResult(statistic=0.11154604085904435, pvalue=0.17415579548375762)","SignificanceResult(statistic=0.08853193475265568, pvalue=0.2813298467425948)"
267,hỏi,đáp,2.8614433612100467,"PearsonRResult(statistic=0.403722882967, pvalue=3.0074145781733864e-07)","SignificanceResult(statistic=0.37013022801013384, pvalue=3.1333012868338204e-06)"
268,tản_bộ,di_chuyển,2.5986820904319345,"PearsonRResult(statistic=0.3883095910273535, pvalue=9.103563558307741e-07)","SignificanceResult(statistic=0.32264367305213565, pvalue=5.655722121258252e-05)"
269,chuệch_choạc,chệch_choạc,4.665689835715785,"PearsonRResult(statistic=0.773299405185068, pvalue=4.356848075686198e-31)","SignificanceResult(statistic=0.7213742833014801, pvalue=2.1959746270473697e-25)"
270,giải_thích,ngấm,0.7259211639906593,"PearsonRResult(statistic=0.09058543633318704, pvalue=0.2702757603909004)","SignificanceResult(statistic=0.0886741632961465, pvalue=0.2805545754851836)"
271,mách,mách_nước,3.9503256275236844,"PearsonRResult(statistic=0.5227890514999252, pvalue=6.765063200293008e-12)","SignificanceResult(statistic=0.5068225254455754, pvalue=3.647903341714485e-11)"
272,nước_lớn,xuất_xứ,0.7066340296831752,"PearsonRResult(statistic=0.08337897284271073, pvalue=0.31038970617361006)","SignificanceResult(statistic=0.07817769678652385, pvalue=0.3416429933407211)"
273,số_hoá,hoá_lỏng,1.0866752975111882,"PearsonRResult(statistic=0.13915285193687196, pvalue=0.08945433554627472)","SignificanceResult(statistic=0.119566202942353, pvalue=0.14501588817877534)"
274,cắt_giảm,trừ_khử,1.053737617092869,"PearsonRResult(statistic=0.1630114752031866, pvalue=0.04624770473307012)","SignificanceResult(statistic=0.15703275701142275, pvalue=0.05497351870519796)"
275,nhạc_nhẹ,cung_bậc,1.2991969156637966,"PearsonRResult(statistic=0.1687345959870469, pvalue=0.03900779383087742)","SignificanceResult(statistic=0.1707115871816525, pvalue=0.036739410182073606)"
276,túm_tụm,quần_tụ,1.854706053756815,"PearsonRResult(statistic=0.3396426186231803, pvalue=2.1181625173745688e-05)","SignificanceResult(statistic=0.3139250633361483, pvalue=9.154226834351268e-05)"
277,thị_giác,võng_mạc,3.7643168343592968,"PearsonRResult(statistic=0.4505473047626919, pvalue=7.2414312344117e-09)","SignificanceResult(statistic=0.4445939819547536, pvalue=1.2006831782075726e-08)"
278,người_làm,dân_chơi,1.1549320974853154,"PearsonRResult(statistic=0.1537037434104036, pvalue=0.060394044831079435)","SignificanceResult(statistic=0.116451397839904, pvalue=0.1558598170422001)"
279,phân_chia,phân_bổ,4.1568625204262695,"PearsonRResult(statistic=0.5268742290199985, pvalue=4.333532765155868e-12)","SignificanceResult(statistic=0.5277052313436152, pvalue=3.955282358664368e-12)"
280,xâm_nhập,xuyên,1.618098092025948,"PearsonRResult(statistic=0.19898216640722063, pvalue=0.014642639120846325)","SignificanceResult(statistic=0.136441619627539, pvalue=0.09593712993433785)"
281,thuộc_hạ,người_lớn,1.3326918103857688,"PearsonRResult(statistic=0.20880205569695737, pvalue=0.010340548721256665)","SignificanceResult(statistic=0.19889417307435886, pvalue=0.014687366498751147)"
282,dịch_chuyển,tham_gia,0.24020879246227123,"PearsonRResult(statistic=0.03361909018280997, pvalue=0.6829660051482447)","SignificanceResult(statistic=0.04302235654917996, pvalue=0.6011493764260708)"
283,bơi,ngụp,2.4351375164129982,"PearsonRResult(statistic=0.438960291856166, pvalue=1.9204254184501053e-08)","SignificanceResult(statistic=0.3971820969820881, pvalue=4.844976848511742e-07)"
284,cư_dân,người_dân,4.171059762079658,"PearsonRResult(statistic=0.582476580412445, pvalue=5.3293022770322544e-15)","SignificanceResult(statistic=0.5591981865860706, pvalue=1.0258131969811457e-13)"
285,khoan_thai,ung_dung,1.8227558088814184,"PearsonRResult(statistic=0.3139147423084228, pvalue=9.159366693892325e-05)","SignificanceResult(statistic=0.3138717276323392, pvalue=9.180817017679014e-05)"
286,xe_tải,nóc,1.0317699345709486,"PearsonRResult(statistic=0.1332434913970891, pvalue=0.10405654420839126)","SignificanceResult(statistic=0.09407529223521045, pvalue=0.2521738286883843)"
287,mùa_đông,đông_chí,1.8621011124987357,"PearsonRResult(statistic=0.33360452270370516, pvalue=3.0223813483133792e-05)","SignificanceResult(statistic=0.31351260056002495, pvalue=9.361746112474152e-05)"
288,lạc_hậu,tiên_tiến,2.31225666784366,"PearsonRResult(statistic=0.29933272023089696, pvalue=0.00019836971290740403)","SignificanceResult(statistic=0.26863238366149605, pvalue=0.0008878353287763987)"
289,chọc_ghẹo,biếu_xén,1.4038588357455903,"PearsonRResult(statistic=0.25227203044423185, pvalue=0.001843359771980745)","SignificanceResult(statistic=0.23204409084848215, pvalue=0.0042728860308554675)"
290,nền,cận_cảnh,-0.7476593562892023,"PearsonRResult(statistic=-0.1201233287159587, pvalue=0.14313812933417458)","SignificanceResult(statistic=-0.13614649539979554, pvalue=0.09666470454193721)"
291,sư_tử,lăng_kính,0.06613085828359809,"PearsonRResult(statistic=0.00974443469547099, pvalue=0.9057912136277115)","SignificanceResult(statistic=-0.04652117871905419, pvalue=0.5718659182788459)"
292,nguyên_nhân,nguyên_do,6.032485586109907,"PearsonRResult(statistic=0.8204860178233122, pvalue=9.072906798634338e-38)","SignificanceResult(statistic=0.8090901817858572, pvalue=5.494291887886875e-36)"
293,dữ,hiền,0.8299338707582118,"PearsonRResult(statistic=0.14686873731237027, pvalue=0.07289968725333704)","SignificanceResult(statistic=0.1701142272989911, pvalue=0.037412783764585185)"
294,phần_phụ,bộ_phận,1.111001864206887,"PearsonRResult(statistic=0.18498282014828538, pvalue=0.02343853976326277)","SignificanceResult(statistic=0.15453309035957155, pvalue=0.05900423971121863)"
295,anh_dũng,dũng_mãnh,0.9163662358428083,"PearsonRResult(statistic=0.1485219644938844, pvalue=0.06969744484094638)","SignificanceResult(statistic=0.14136272723232146, pvalue=0.08443282168640849)"
296,buôn_bán,vận_tải,1.2696990856596766,"PearsonRResult(statistic=0.19077386718460793, pvalue=0.019363053643193486)","SignificanceResult(statistic=0.18570247566558515, pvalue=0.022894980492504796)"
297,đâm_sầm,phóng,1.6144800397211132,"PearsonRResult(statistic=0.3247961516378068, pvalue=5.010290550677623e-05)","SignificanceResult(statistic=0.26918351926752304, pvalue=0.000865552838576971)"
298,bò,đi,-0.004628076083606762,"PearsonRResult(statistic=-0.0007887389683393486, pvalue=0.9923569967726895)","SignificanceResult(statistic=-0.019323525490021778, pvalue=0.8144369302444822)"
299,nội_tiết,luồng,0.042882547153435674,"PearsonRResult(statistic=0.004519920646897444, pvalue=0.9562223672510853)","SignificanceResult(statistic=0.013332148095470911, pvalue=0.871364095657818)"
300,dị_ứng,lương_tri,-0.08589243492308218,"PearsonRResult(statistic=-0.011943340810542723, pvalue=0.8846658975028887)","SignificanceResult(statistic=0.0007378105693586381, pvalue=0.9928504873513748)"
301,vặn,vặn_vẹo,2.2092811957956178,"PearsonRResult(statistic=0.33033159433266784, pvalue=3.653418456722243e-05)","SignificanceResult(statistic=0.3376203386817192, pvalue=2.3879528637036235e-05)"
302,lùng_bùng,vắng_ngắt,0.7015128414428348,"PearsonRResult(statistic=0.17919368633884883, pvalue=0.028228420973629122)","SignificanceResult(statistic=0.1783457042535224, pvalue=0.028995761618208438)"
303,chê,khen,2.2749419611846564,"PearsonRResult(statistic=0.25746334964892903, pvalue=0.0014692598981553913)","SignificanceResult(statistic=0.2068127472332104, pvalue=0.011108931520578003)"
304,tượng_đài,bảng_tổng_sắp,0.5751648646963384,"PearsonRResult(statistic=0.06480390906124456, pvalue=0.43077177896761193)","SignificanceResult(statistic=0.07639628427930131, pvalue=0.352790018866892)"
305,người_yêu,tình_nhân,2.8972994947773145,"PearsonRResult(statistic=0.4077355341513478, pvalue=2.233231769120452e-07)","SignificanceResult(statistic=0.3566042935241567, pvalue=7.495398477085845e-06)"
306,thiện_cảm,ác_cảm,5.761433601079223,"PearsonRResult(statistic=0.5947261826091167, pvalue=1.0204314012249048e-15)","SignificanceResult(statistic=0.534653095693142, pvalue=1.825101333144689e-12)"
307,trau_chuốt,phát_triển,0.9080465135443134,"PearsonRResult(statistic=0.12788940903811807, pvalue=0.11884794651169174)","SignificanceResult(statistic=0.13510111560513802, pvalue=0.09927709599655435)"
308,gươm,lưỡi,2.041538415677896,"PearsonRResult(statistic=0.254302864818374, pvalue=0.0016877569492003458)","SignificanceResult(statistic=0.2520236454953554, pvalue=0.0018632607084020656)"
309,bánh_xe,vành,3.303723508223757,"PearsonRResult(statistic=0.46468342004543073, pvalue=2.0950717080232938e-09)","SignificanceResult(statistic=0.4162940575136673, pvalue=1.1682259959714088e-07)"
310,tượng_đài,phân_bón,-0.6190291628229825,"PearsonRResult(statistic=-0.08591612334996009, pvalue=0.2958450202075544)","SignificanceResult(statistic=-0.054631761411618296, pvalue=0.5066912695752488)"
311,nạc,búi,1.1735411613962197,"PearsonRResult(statistic=0.14560666407279413, pvalue=0.07542364699409551)","SignificanceResult(statistic=0.1388452820125339, pvalue=0.09017171998580191)"
312,khung_thành,cầu_môn,9.63297331069387,"PearsonRResult(statistic=0.9060409022211326, pvalue=3.850848195700422e-57)","SignificanceResult(statistic=0.8982817014089516, pvalue=1.0190472368582292e-54)"
313,kĩ,sơ_sài,3.229185050733303,"PearsonRResult(statistic=0.3599360786499009, pvalue=6.068490630548039e-06)","SignificanceResult(statistic=0.3709978221254278, pvalue=2.9587916718735852e-06)"
314,buồn,vui,3.877174608859859,"PearsonRResult(statistic=0.6306840814798169, pvalue=5.185678416455436e-18)","SignificanceResult(statistic=0.5764469531979198, pvalue=1.1725451930414314e-14)"
315,nhược_điểm,ưu_điểm,5.761639702114741,"PearsonRResult(statistic=0.6970005826727206, pvalue=3.917324851974647e-23)","SignificanceResult(statistic=0.6839006178052359, pvalue=5.154834148743957e-22)"
316,quan_hệ,trạng_thái,1.3204738286716204,"PearsonRResult(statistic=0.17963919972530604, pvalue=0.027832262188476793)","SignificanceResult(statistic=0.16842526334503757, pvalue=0.03937315769042564)"
317,đong_đưa,vung_vẩy,1.7797654560001779,"PearsonRResult(statistic=0.37246469653503855, pvalue=2.684549942692551e-06)","SignificanceResult(statistic=0.3322298768834171, pvalue=3.2737876182950556e-05)"
318,bừa_bãi,gọn_ghẽ,1.11046470233758,"PearsonRResult(statistic=0.16394143147573303, pvalue=0.04500026986220096)","SignificanceResult(statistic=0.14184630428019024, pvalue=0.08336467550280348)"
319,nhà_thơ,thi_nhân,4.305495385571678,"PearsonRResult(statistic=0.6529483663091795, pvalue=1.3731997216724627e-19)","SignificanceResult(statistic=0.663480154673541, pvalue=2.211740768455704e-20)"
320,máy_tính,vi_xử_lý,3.318918684996775,"PearsonRResult(statistic=0.43378949167036635, pvalue=2.9334088889533723e-08)","SignificanceResult(statistic=0.42321347615449584, pvalue=6.826901879100166e-08)"
321,né_tránh,hích,0.5851521726852719,"PearsonRResult(statistic=0.08674692972742509, pvalue=0.29118205715488643)","SignificanceResult(statistic=0.06876927863460598, pvalue=0.4030463659046454)"
322,địch,ta,2.0361224060809433,"PearsonRResult(statistic=0.3392965797576466, pvalue=2.1621919006911778e-05)","SignificanceResult(statistic=0.34256989199519977, pvalue=1.7780705073058107e-05)"
323,lưu_thông,ách_tắc,2.566508742157237,"PearsonRResult(statistic=0.31062376291270016, pvalue=0.00010943164949637635)","SignificanceResult(statistic=0.3015511800524468, pvalue=0.00017682434049836435)"
324,thứ_yếu,rộng_rãi,0.2734309641465575,"PearsonRResult(statistic=0.0446409775556256, pvalue=0.5875189432353612)","SignificanceResult(statistic=0.04621183163696165, pvalue=0.5744277579479848)"
325,đặt_chân,thay,1.7120986854604199,"PearsonRResult(statistic=0.21628048996327023, pvalue=0.007854424417899901)","SignificanceResult(statistic=0.2390879594648651, pvalue=0.0032131041204764947)"
326,dì_ghẻ,phụ_huynh,1.6653764373370779,"PearsonRResult(statistic=0.2400704529933228, pvalue=0.003085855965034335)","SignificanceResult(statistic=0.22782701453397933, pvalue=0.005048393713144807)"
327,rỗi,rỗi_rãi,3.4929199351997577,"PearsonRResult(statistic=0.5166019736810903, pvalue=1.313277966134816e-11)","SignificanceResult(statistic=0.5059229299079959, pvalue=4.0008674891336524e-11)"
328,tái_phát,nhiễm_khuẩn,3.1403925166265423,"PearsonRResult(statistic=0.40950240173415176, pvalue=1.956496493958061e-07)","SignificanceResult(statistic=0.4187510556024713, pvalue=9.666803159729997e-08)"
329,mầm,rau_quả,1.3565861442674765,"PearsonRResult(statistic=0.20040887809146857, pvalue=0.013933844817974496)","SignificanceResult(statistic=0.18825903373483266, pvalue=0.021050741542917705)"
330,hạn_hán,lụt_lội,5.896998381003997,"PearsonRResult(statistic=0.6787484617215561, pvalue=1.369375880775713e-21)","SignificanceResult(statistic=0.6426294501977866, pvalue=7.670263774021523e-19)"
331,lưỡng_lự,dứt_khoát,1.624091948321432,"PearsonRResult(statistic=0.23051409979516388, pvalue=0.004540933844208318)","SignificanceResult(statistic=0.22880128005689143, pvalue=0.0048588181303959276)"
332,tung,cấp_phát,1.5054651629839102,"PearsonRResult(statistic=0.18399684033619187, pvalue=0.024201230649220595)","SignificanceResult(statistic=0.15733143695275348, pvalue=0.05450746875448861)"
333,giầu,khó,0.939370640141122,"PearsonRResult(statistic=0.13838551992854894, pvalue=0.09125261851727354)","SignificanceResult(statistic=0.15753411262722788, pvalue=0.05419308225325117)"
334,làm_đẹp,cải_tạo,1.2708743990715872,"PearsonRResult(statistic=0.17683011353618447, pvalue=0.030411518112717997)","SignificanceResult(statistic=0.15162451664518425, pvalue=0.06399674966517696)"
335,ban_mai,sớm_mai,2.961681690240411,"PearsonRResult(statistic=0.48868057423471384, pvalue=2.2325623225729322e-10)","SignificanceResult(statistic=0.451289390639584, pvalue=6.79444947042278e-09)"
336,quỳ,ví,0.4467163005115952,"PearsonRResult(statistic=0.05938251632226543, pvalue=0.47039433360022676)","SignificanceResult(statistic=0.05209298191030713, pvalue=0.5266690118853814)"
337,bại_lộ,lộ,3.8867024225511457,"PearsonRResult(statistic=0.4710639996883098, pvalue=1.1747298040545729e-09)","SignificanceResult(statistic=0.4478296813191698, pvalue=9.13258490908773e-09)"
338,tính_cách,phẩm_chất,3.756566988314745,"PearsonRResult(statistic=0.4930559423462445, pvalue=1.4563233088464367e-10)","SignificanceResult(statistic=0.4886243833059247, pvalue=2.2447577225812323e-10)"
339,triều_đại,cổ_đại,2.2769731966113302,"PearsonRResult(statistic=0.2766001873207011, pvalue=0.000611622778674523)","SignificanceResult(statistic=0.2697702120094227, pvalue=0.0008423976706287965)"
340,lình_xình,nặng_tình,1.270493076531669,"PearsonRResult(statistic=0.16851445421339362, pvalue=0.03926751729414725)","SignificanceResult(statistic=0.12051557847015423, pvalue=0.1418271929466491)"
341,người_làm,người_bị_hại,0.96642692887852,"PearsonRResult(statistic=0.13398352995991655, pvalue=0.10213127254731645)","SignificanceResult(statistic=0.17808613716165164, pvalue=0.029234168163902566)"
342,chần_chừ,lảo_đảo,0.7575816711611567,"PearsonRResult(statistic=0.11663139116972257, pvalue=0.155217056356123)","SignificanceResult(statistic=0.12965020667585225, pvalue=0.11381346569837182)"
343,khử_trùng,sát_trùng,5.753893893286189,"PearsonRResult(statistic=0.7015865109118445, pvalue=1.537518699252217e-23)","SignificanceResult(statistic=0.702052535668252, pvalue=1.3967290373050213e-23)"
